taxon	code	order	family	count_out_of_63430_gene_trees
Acanthisitta_chloris	ACACHL	Passeriformes	Acanthisittidae	57464
Acrocephalus_arundinaceus	ACRARU	Passeriformes	Acrocephalidae	57897
Aegithalos_caudatus	AEGCAU	Passeriformes	Aegithalidae	56763
Aegotheles_bennettii	AEGBEN	Caprimulgiformes	Aegothelidae	58828
Agapornis_roseicollis	AGAROS	Psittaciformes	Psittaculidae	58529
Agelaius_phoeniceus	AGEPHO	Passeriformes	Icteridae	57534
Alaudala_cheleensis	ALACHE	Passeriformes	Alaudidae	57274
Alca_torda	ALCTOR	Charadriiformes	Alcidae	61683
Aleadryas_rufinucha	ALERUF	Passeriformes	Oreoicidae	58919
Alectura_lathami	ALELAT	Galliformes	Megapodiidae	60767
Alopecoenas_beccarii	ALOBEC	Columbiformes	Columbidae	59868
Amazona_guildingii	AMAGUI	Psittaciformes	Psittacidae	58990
Anas_platyrhynchos	ANAPLA	Anseriformes	Anatidae	60417
Anas_zonorhyncha	ANAZON	Anseriformes	Anatidae	60417
Anhinga_anhinga	ANHANH	Pelecaniformes	Anhingidae	60954
Anhinga_rufa	ANHRUF	Pelecaniformes	Anhingidae	51196
Anser_cygnoid	ANSCYG	Anseriformes	Anatidae	60925
Anseranas_semipalmata	ANSSEM	Anseriformes	Anseranatidae	62065
Anthoscopus_minutus	ANTMIN	Passeriformes	Remizidae	55546
Antrostomus_carolinensis	ANTCAR	Caprimulgiformes	Caprimulgidae	59959
Apaloderma_vittatum	APAVIT	Trogoniformes	Trogonidae	59146
Aphelocoma_coerulescens	APHCOE	Passeriformes	Corvidae	58973
Aptenodytes_forsteri	APTFOR	Sphenisciformes	Spheniscidae	62080
Apteryx_australis	APTAUS	Apterygiformes	Apterygidae	60829
Apteryx_haastii	APTHAA	Apterygiformes	Apterygidae	60883
Apteryx_owenii	APTOWE	Apterygiformes	Apterygidae	60916
Apteryx_rowi	APTROW	Apterygiformes	Apterygidae	60908
Aquila_chrysaetos	AQUCHR	Accipitriformes	Accipitridae	62131
Aramus_guarauna	ARAGUA	Gruiformes	Aramidae	61738
Ardeotis_kori	ARDKOR	Otidiformes	Otididae	60203
Arenaria_interpres	AREINT	Charadriiformes	Scolopacidae	60598
Asarcornis_scutulata	ASASCU	Anseriformes	Anatidae	60347
Atlantisia_rogersi	ATLROG	Gruiformes	Rallidae	59934
Atrichornis_clamosus	ATRCLA	Passeriformes	Atrichornithidae	59555
Balaeniceps_rex	BALREX	Pelecaniformes	Balaenicipitidae	55602
Balearica_regulorum	BALREG	Gruiformes	Gruidae	61482
Baryphthengus_martii	BARMAR	Coraciiformes	Momotidae	58533
Bombycilla_garrulus	BOMGAR	Passeriformes	Bombycillidae	57725
Brachypodius_atriceps	BRAATR	Passeriformes	Pycnonotidae	52934
Brachypteracias_leptosomus	BRALEP	Coraciiformes	Brachypteraciidae	56402
Bucco_capensis	BUCCAP	Piciformes	Bucconidae	50205
Buceros_rhinoceros	BUCRHI	Bucerotiformes	Bucerotidae	58575
Bucorvus_abyssinicus	BUCABY	Bucerotiformes	Bucerotidae	59481
Buphagus_erythrorhynchus	BUPERY	Passeriformes	Buphagidae	55002
Burhinus_bistriatus	BURBIS	Charadriiformes	Burhinidae	62093
Cairina_moschata	CAIMOS	Anseriformes	Anatidae	60192
Calcarius_ornatus	CALORN	Passeriformes	Plectrophenacidae	56817
Calidris_pugnax	CALPUG	Charadriiformes	Scolopacidae	60314
Callaeas_wilsoni	CALWIL	Passeriformes	Callaeidae	59131
Callipepla_squamata	CALSQU	Galliformes	Odontophoridae	60632
Caloenas_nicobarica	CALNIC	Columbiformes	Columbidae	56260
Calonectris_borealis	CALBOR	Procellariiformes	Procellariidae	61968
Calypte_anna	CALANN	Caprimulgiformes	Trochilidae	56300
Calyptomena_viridis	CALVIR	Passeriformes	Calyptomenidae	56084
Campylorhamphus_procurvoides	CAMPRO	Passeriformes	Dendrocolaptidae	58169
Cardinalis_cardinalis	CARCAR	Passeriformes	Cardinalidae	57831
Cariama_cristata	CARCRI	Cariamiformes	Cariamidae	61310
Casuarius_casuarius	CASCAS	Casuariiformes	Casuariidae	60724
Cathartes_aura	CATAUR	Accipitriformes	Cathartidae	62019
Catharus_fuscescens	CATFUS	Passeriformes	Turdidae	57630
Centropus_bengalensis	CENBEN	Cuculiformes	Cuculidae	55065
Centropus_unirufus	CENUNI	Cuculiformes	Cuculidae	56673
Cephalopterus_ornatus	CEPORN	Passeriformes	Cotingidae	59160
Cepphus_grylle	CEPGRY	Charadriiformes	Alcidae	61639
Cercotrichas_coryphaeus	CERCOR	Passeriformes	Muscicapidae	56853
Certhia_brachydactyla	CERBRA	Passeriformes	Certhiidae	58145
Certhia_familiaris	CERFAM	Passeriformes	Certhiidae	57437
Cettia_cetti	CETCET	Passeriformes	Scotocercidae	58073
Ceuthmochares_aereus	CEUAER	Cuculiformes	Cuculidae	56715
Ceyx_cyanopectus	CEYCYA	Coraciiformes	Alcedinidae	49284
Chaetops_frenatus	CHAFRE	Passeriformes	Eupetidae	57611
Chaetorhynchus_papuensis	CHAPAP	Passeriformes	Rhipiduridae	58441
Chaetura_pelagica	CHAPEL	Caprimulgiformes	Apodidae	57198
Charadrius_alexandrinus	CHAALE	Charadriiformes	Charadriidae	62038
Charadrius_vociferus	CHAVOC	Charadriiformes	Charadriidae	61777
Chauna_torquata	CHATOR	Anseriformes	Anhimidae	61479
Chionis_minor	CHIMIN	Charadriiformes	Chionidae	61667
Chlamydotis_macqueenii	CHLMAC	Otidiformes	Otididae	60166
Chloroceryle_aenea	CHLAEN	Coraciiformes	Alcedinidae	56857
Chlorodrepanis_virens	CHLVIR	Passeriformes	Fringillidae	57767
Chloropsis_cyanopogon	CHLCYA	Passeriformes	Irenidae	53734
Chloropsis_hardwickii	CHLHAR	Passeriformes	Irenidae	56971
Chordeiles_acutipennis	CHOACU	Caprimulgiformes	Caprimulgidae	59653
Chroicocephalus_maculipennis	CHRMAC	Charadriiformes	Laridae	59965
Chunga_burmeisteri	CHUBUR	Cariamiformes	Cariamidae	61476
Ciccaba_nigrolineata	CICNIG	Strigiformes	Strigidae	61858
Ciconia_maguari	CICMAG	Pelecaniformes	Ciconiidae	62192
Cinclus_mexicanus	CINMEX	Passeriformes	Cinclidae	56820
Circaetus_pectoralis	CIRPEC	Accipitriformes	Accipitridae	61613
Cisticola_juncidis	CISJUN	Passeriformes	Cisticolidae	57450
Climacteris_rufus	CLIRUF	Passeriformes	Climacteridae	59263
Cnemophilus_loriae	CNELOR	Passeriformes	Cnemophilidae	59023
Cochlearius_cochlearius	COCCOC	Pelecaniformes	Ardeidae	61654
Colinus_virginianus	COLVIR	Galliformes	Odontophoridae	60548
Colius_striatus	COLSTR	Coliiformes	Coliidae	58521
Columba_livia	COLLIV	Columbiformes	Columbidae	59528
Columbina_picui	COLPIC	Columbiformes	Columbidae	57564
Copsychus_sechellarum	COPSEC	Passeriformes	Muscicapidae	56890
Corvus_brachyrhynchos	CORBRA	Passeriformes	Corvidae	58897
Corvus_cornix	CORCOR	Passeriformes	Corvidae	58549
Corvus_moneduloides	CORMON	Passeriformes	Corvidae	58932
Corythaeola_cristata	CORCRI	Musophagiformes	Musophagidae	52415
Corythaixoides_concolor	CORCON	Musophagiformes	Musophagidae	60973
Coturnix_japonica	COTJAP	Galliformes	Phasianidae	59416
Crotophaga_sulcirostris	CROSUL	Cuculiformes	Cuculidae	57537
Crypturellus_cinnamomeus	CRYCIN	Tinamiformes	Tinamidae	54592
Crypturellus_soui	CRYSOU	Tinamiformes	Tinamidae	54531
Crypturellus_undulatus	CRYUND	Tinamiformes	Tinamidae	54766
Cuculus_canorus	CUCCAN	Cuculiformes	Cuculidae	58979
Daphoenositta_chrysoptera	DAPCHR	Passeriformes	Neosittidae	58819
Dasyornis_broadbenti	DASBRO	Passeriformes	Dasyornithidae	58550
Dicaeum_eximium	DICEXI	Passeriformes	Dicaeidae	57243
Dicrurus_megarhynchus	DICMEG	Passeriformes	Dicruridae	59092
Donacobius_atricapilla	DONATR	Passeriformes	Donacobiidae	58139
Dromaius_novaehollandiae	DRONOV	Casuariiformes	Casuariidae	60618
Dromas_ardeola	DROARD	Charadriiformes	Dromadidae	61473
Drymodes_brunneopygia	DRYBRU	Passeriformes	Petroicidae	57861
Dryoscopus_gambensis	DRYGAM	Passeriformes	Malaconotidae	55661
Dyaphorophyia_castanea	DYACAS	Passeriformes	Platysteiridae	58721
Edolisoma_coerulescens	EDOCOE	Passeriformes	Campephagidae	59084
Egretta_garzetta	EGRGAR	Pelecaniformes	Ardeidae	61411
Elachura_formosa	ELAFOR	Passeriformes	Timaliidae	56156
Emberiza_fucata	EMBFUC	Passeriformes	Emberizidae	56139
Eolophus_roseicapillus	EOLROS	Psittaciformes	Cacatuidae	56572
Erithacus_rubecula	ERIRUB	Passeriformes	Muscicapidae	56736
Erpornis_zantholeuca	ERPZAN	Passeriformes	Vireonidae	57025
Erythrocercus_mccallii	ERYMCC	Passeriformes	Scotocercidae	57498
Eubucco_bourcierii	EUBBOU	Piciformes	Ramphastidae	50499
Eudromia_elegans	EUDELE	Tinamiformes	Tinamidae	53860
Eulacestoma_nigropectus	EULNIG	Passeriformes	Eulacestomatidae	59089
Eurypyga_helias	EURHEL	Eurypygiformes	Eurypygidae	59895
Eurystomus_gularis	EURGUL	Coraciiformes	Coraciidae	59799
Falco_cherrug	FALCHE	Falconiformes	Falconidae	61575
Falco_peregrinus	FALPER	Falconiformes	Falconidae	61612
Falcunculus_frontatus	FALFRO	Passeriformes	Falcunculidae	59140
Ficedula_albicollis	FICALB	Passeriformes	Muscicapidae	57532
Formicarius_rufipectus	FORRUF	Passeriformes	Formicariidae	57957
Fregata_magnificens	FREMAG	Pelecaniformes	Fregatidae	60981
Fregetta_grallaria	FREGRA	Procellariiformes	Oceanitidae	59027
Fulmarus_glacialis	FULGLA	Procellariiformes	Procellariidae	61708
Furnarius_figulus	FURFIG	Passeriformes	Furnariidae	56408
Galbula_dea	GALDEA	Piciformes	Galbulidae	52813
Gallus_gallus	GALGAL	Galliformes	Phasianidae	63430
Gavia_stellata	GAVSTE	Gaviiformes	Gaviidae	61624
Geococcyx_californianus	GEOCAL	Cuculiformes	Cuculidae	58984
Geospiza_fortis	GEOFOR	Passeriformes	Thraupidae	57657
Glareola_pratincola	GLAPRA	Charadriiformes	Glareolidae	60819
Glaucidium_brasilianum	GLABRA	Strigiformes	Strigidae	61369
Grallaria_varia	GRAVAR	Passeriformes	Grallariidae	58404
Grantiella_picta	GRAPIC	Passeriformes	Meliphagidae	58182
Grus_americana	GRUAME	Gruiformes	Gruidae	61507
Gymnorhina_tibicen	GYMTIB	Passeriformes	Artamidae	59104
Halcyon_senegalensis	HALSEN	Coraciiformes	Alcedinidae	59001
Haliaeetus_albicilla	HALALB	Accipitriformes	Accipitridae	61968
Haliaeetus_leucocephalus	HALLEU	Accipitriformes	Accipitridae	61976
Heliornis_fulica	HELFUL	Gruiformes	Heliornithidae	58999
Hemignathus_wilsoni	HEMWIL	Passeriformes	Fringillidae	57834
Hemiprocne_comata	HEMCOM	Caprimulgiformes	Apodidae	59245
Herpetotheres_cachinnans	HERCAC	Falconiformes	Falconidae	61747
Himantopus_himantopus	HIMHIM	Charadriiformes	Recurvirostridae	62062
Hippolais_icterina	HIPICT	Passeriformes	Acrocephalidae	58045
Hirundo_rustica	HIRRUS	Passeriformes	Hirundinidae	57853
Horornis_vulcanius	HORVUL	Passeriformes	Scotocercidae	56584
Hydrobates_tethys	HYDTET	Procellariiformes	Hydrobatidae	61984
Hylia_prasina	HYLPRA	Passeriformes	Scotocercidae	58029
Hypocryptadius_cinnamomeus	HYPCIN	Passeriformes	Passeridae	48926
Ibidorhyncha_struthersii	IBISTR	Charadriiformes	Haematopodidae	61943
Ifrita_kowaldi	IFRKOW	Passeriformes	Ifritidae	59030
Illadopsis_cleaveri	ILLCLE	Passeriformes	Pellorneidae	58049
Indicator_maculatus	INDMAC	Piciformes	Indicatoridae	52159
Irena_cyanogastra	IRECYA	Passeriformes	Irenidae	58205
Jacana_jacana	JACJAC	Charadriiformes	Jacanidae	56515
Junco_hyemalis	JUNHYE	Passeriformes	Emberizidae	53507
Lanius_ludovicianus	LANLUD	Passeriformes	Laniidae	58720
Larus_smithsonianus	LARSMI	Charadriiformes	Laridae	61746
Leiothrix_lutea	LEILUT	Passeriformes	Leiothrichidae	56263
Lepidothrix_coronata	LEPCOR	Passeriformes	Pipridae	58828
Leptocoma_aspasia	LEPASP	Passeriformes	Nectariniidae	58203
Leptosomus_discolor	LEPDIS	Leptosomatiformes	Leptosomidae	61292
Leucopsar_rothschildi	LEUROT	Passeriformes	Sturnidae	57948
Limosa_lapponica	LIMLAP	Charadriiformes	Scolopacidae	53303
Locustella_ochotensis	LOCOCH	Passeriformes	Locustellidae	57582
Lonchura_striata	LONSTR	Passeriformes	Estrildidae	57501
Lophotis_ruficrista	LOPRUF	Otidiformes	Otididae	60226
Loxia_curvirostra	LOXCUR	Passeriformes	Fringillidae	57654
Loxia_leucoptera	LOXLEU	Passeriformes	Fringillidae	57637
Machaerirhynchus_nigripectus	MACNIG	Passeriformes	Machaerirhynchidae	58954
Malurus_elegans	MALELE	Passeriformes	Maluridae	57174
Manacus_manacus	MANMAN	Passeriformes	Pipridae	58398
Melanocharis_versteri	MELVER	Passeriformes	Melanocharitidae	58843
Meleagris_gallopavo	MELGAL	Galliformes	Phasianidae	62486
Melopsittacus_undulatus	MELUND	Psittaciformes	Psittaculidae	58419
Melospiza_melodia	MELMEL	Passeriformes	Emberizidae	57560
Menura_novaehollandiae	MENNOV	Passeriformes	Menuridae	59706
Merops_nubicus	MERNUB	Coraciiformes	Meropidae	58261
Mesembrinibis_cayennensis	MESCAY	Pelecaniformes	Threskiornithidae	62052
Mesitornis_unicolor	MESUNI	Mesitornithiformes	Mesitornithidae	59606
Mionectes_macconnelli	MIOMAC	Passeriformes	Pipromorphidae	58038
Mohoua_ochrocephala	MOHOCH	Passeriformes	Mohouidae	58999
Molothrus_ater	MOLATE	Passeriformes	Icteridae	57927
Motacilla_alba	MOTALB	Passeriformes	Motacillidae	58068
Myiagra_hebetior	MYIHEB	Passeriformes	Monarchidae	58889
Mystacornis_crossleyi	MYSCRO	Passeriformes	Vangidae	57485
Neodrepanis_coruscans	NEOCOR	Passeriformes	Philepittidae	48099
Neopipo_cinnamomea	NEOCIN	Passeriformes	Platyrinchidae	56394
Nesospiza_acunhae	NESACU	Passeriformes	Thraupidae	57838
Nestor_notabilis	NESNOT	Psittaciformes	Strigopidae	59137
Nicator_chloris	NICCHL	Passeriformes	Nicatoridae	58054
Nipponia_nippon	NIPNIP	Pelecaniformes	Threskiornithidae	62015
Nothocercus_julius	NOTJUL	Tinamiformes	Tinamidae	55295
Nothocercus_nigrocapillus	NOTNIG	Tinamiformes	Tinamidae	55021
Nothoprocta_ornata	NOTORN	Tinamiformes	Tinamidae	53865
Nothoprocta_pentlandii	NOTPEN	Tinamiformes	Tinamidae	53804
Nothoprocta_perdicaria	NOTPER	Tinamiformes	Tinamidae	54067
Notiomystis_cincta	NOTCIN	Passeriformes	Notiomystidae	58421
Numida_meleagris	NUMMEL	Galliformes	Numididae	62524
Nyctibius_bracteatus	NYCBRA	Caprimulgiformes	Nyctibiidae	59686
Nyctibius_grandis	NYCGRA	Caprimulgiformes	Nyctibiidae	60761
Nycticryphes_semicollaris	NYCSEM	Charadriiformes	Rostratulidae	59919
Nyctiprogne_leucopyga	NYCLEU	Caprimulgiformes	Caprimulgidae	56288
Oceanites_oceanicus	OCEOCE	Procellariiformes	Oceanitidae	61076
Odontophorus_gujanensis	ODOGUJ	Galliformes	Odontophoridae	61124
Oenanthe_oenanthe	OENOEN	Passeriformes	Muscicapidae	56995
Onychorhynchus_coronatus	ONYCOR	Passeriformes	Onychorhynchidae	58625
Opisthocomus_hoazin	OPIHOA	Opisthocomiformes	Opisthocomidae	60497
Oreocharis_arfaki	OREARF	Passeriformes	Paramythiidae	59044
Oreotrochilus_melanogaster	OREMEL	Caprimulgiformes	Trochilidae	56436
Origma_solitaria	ORISOL	Passeriformes	Acanthizidae	58537
Oriolus_oriolus	ORIORI	Passeriformes	Oriolidae	59000
Orthonyx_spaldingii	ORTSPA	Passeriformes	Orthonychidae	58841
Oxylabes_madagascariensis	OXYMAD	Passeriformes	Bernieridae	52362
Oxyruncus_cristatus	OXYCRI	Passeriformes	Oxyruncidae	58871
Pachycephala_philippinensis	PACPHI	Passeriformes	Pachycephalidae	58878
Pachyramphus_minor	PACMIN	Passeriformes	Tityridae	58625
Pandion_haliaetus	PANHAL	Accipitriformes	Pandionidae	60796
Panurus_biarmicus	PANBIA	Passeriformes	Panuridae	46713
Paradisaea_raggiana	PARRAG	Passeriformes	Paradisaeidae	59057
Pardalotus_punctatus	PARPUN	Passeriformes	Pardalotidae	58518
Parus_major	PARMAJ	Passeriformes	Paridae	57804
Passer_domesticus	PASDOM	Passeriformes	Passeridae	57497
Passerina_amoena	PASAMO	Passeriformes	Cardinalidae	56578
Patagioenas_fasciata	PATFAS	Columbiformes	Columbidae	59498
Pedionomus_torquatus	PEDTOR	Charadriiformes	Pedionomidae	59478
Pelecanoides_urinatrix	PELURI	Procellariiformes	Procellariidae	61722
Pelecanus_crispus	PELCRI	Pelecaniformes	Pelecanidae	61396
Penelope_pileata	PENPIL	Galliformes	Cracidae	60724
Peucedramus_taeniatus	PEUTAE	Passeriformes	Peucedramidae	58163
Phaethon_lepturus	PHALEP	Phaethontiformes	Phaethontidae	61069
Phaetusa_simplex	PHASIM	Charadriiformes	Laridae	59177
Phainopepla_nitens	PHANIT	Passeriformes	Ptiliogonatidae	58245
Phalacrocorax_auritus	NANAUR	Pelecaniformes	Phalacrocoracidae	61790
Phalacrocorax_brasilianus	NANBRA	Pelecaniformes	Phalacrocoracidae	61794
Phalacrocorax_carbo	PHACAR	Pelecaniformes	Phalacrocoracidae	61344
Phalacrocorax_harrisi	NANHAR	Pelecaniformes	Phalacrocoracidae	61757
Phalacrocorax_pelagicus	URIPEL	Pelecaniformes	Phalacrocoracidae	61773
Phasianus_colchicus	PHACOL	Galliformes	Phasianidae	62446
Pheucticus_melanocephalus	PHEMEL	Passeriformes	Cardinalidae	56706
Phoenicopterus_ruber	PHORUB	Phoenicopteriformes	Phoenicopteridae	61554
Phylloscopus_trochilus	PHYTRO	Passeriformes	Phylloscopidae	57784
Piaya_cayana	PIACAY	Cuculiformes	Cuculidae	57299
Picathartes_gymnocephalus	PICGYM	Passeriformes	Eupetidae	57275
Picoides_pubescens	PICPUB	Piciformes	Picidae	50760
Piprites_chloris	PIPCHL	Passeriformes	Pipritidae	58486
Pitta_sordida	PITSOR	Passeriformes	Pittidae	54459
Ploceus_nigricollis	PLONIG	Passeriformes	Ploceidae	58356
Pluvianellus_socialis	PLUSOC	Charadriiformes	Chionidae	61601
Podargus_strigoides	PODSTR	Caprimulgiformes	Podargidae	59188
Podiceps_cristatus	PODCRI	Podicipediformes	Podicipedidae	60837
Podilymbus_podiceps	PODPOD	Podicipediformes	Podicipedidae	60812
Poecile_atricapillus	POEATR	Passeriformes	Paridae	57772
Polioptila_caerulea	POLCAE	Passeriformes	Polioptilidae	58086
Pomatorhinus_ruficollis	PORRUF	Passeriformes	Timaliidae	57210
Pomatostomus_ruficeps	POSRUF	Passeriformes	Pomatostomidae	57631
Probosciger_aterrimus	PROATE	Psittaciformes	Cacatuidae	57424
Promerops_cafer	PROCAF	Passeriformes	Promeropidae	58616
Prunella_fulvescens	PRUFUL	Passeriformes	Prunellidae	55670
Prunella_himalayana	PRUHIM	Passeriformes	Prunellidae	57590
Pseudopodoces_humilis	PSEHUM	Passeriformes	Paridae	58049
Psilopogon_haemacephalus	PSIHAE	Piciformes	Ramphastidae	49511
Psophia_crepitans	PSOCRE	Gruiformes	Psophiidae	61331
Pterocles_burchelli	PTEBUR	Pterocliformes	Pteroclidae	59150
Pterocles_gutturalis	PTEGUT	Pterocliformes	Pteroclidae	59721
Pteruthius_melanotis	PTEMEL	Passeriformes	Vireonidae	58147
Ptilonorhynchus_violaceus	PTIVIO	Passeriformes	Ptilonorhynchidae	59282
Ptilorrhoa_leucosticta	PTILEU	Passeriformes	Cinclosomatidae	58302
Pycnonotus_jocosus	PYCJOC	Passeriformes	Pycnonotidae	57449
Pygoscelis_adeliae	PYGADE	Sphenisciformes	Spheniscidae	61911
Quiscalus_mexicanus	QUIMEX	Passeriformes	Icteridae	57906
Ramphastos_sulfuratus	RAMSUL	Piciformes	Ramphastidae	51726
Regulus_satrapa	REGSAT	Passeriformes	Regulidae	57306
Rhabdornis_inornatus	RHAINO	Passeriformes	Sturnidae	58197
Rhadina_sibilatrix	RHASIB	Passeriformes	Phylloscopidae	58081
Rhagologus_leucostigma	RHALEU	Passeriformes	Rhagologidae	59167
Rhea_americana	RHEAME	Rheiformes	Rheidae	59390
Rhea_pennata	RHEPEN	Rheiformes	Rheidae	59361
Rhegmatorhina_hoffmannsi	RHEHOF	Passeriformes	Thamnophilidae	53757
Rhinopomastus_cyanomelas	RHICYA	Bucerotiformes	Phoeniculidae	47244
Rhinoptilus_africanus	RHIAFR	Charadriiformes	Glareolidae	61162
Rhipidura_dahli	RHIDAH	Passeriformes	Rhipiduridae	58462
Rhodinocichla_rosea	RHOROS	Passeriformes	Rhodinocichlidae	57087
Rhynochetos_jubatus	RHYJUB	Eurypygiformes	Rhynochetidae	60460
Rissa_tridactyla	RISTRI	Charadriiformes	Laridae	61763
Rostratula_benghalensis	ROSBEN	Charadriiformes	Rostratulidae	59153
Rynchops_niger	RYNNIG	Charadriiformes	Laridae	61548
Sagittarius_serpentarius	SAGSER	Accipitriformes	Sagittariidae	61115
Sakesphorus_luctuosus	SAKLUC	Passeriformes	Thamnophilidae	57734
Sapayoa_aenigma	SAPAEN	Passeriformes	Sapayoidae	53842
Saxicola_maurus	SAXMAU	Passeriformes	Muscicapidae	56905
Sclerurus_mexicanus	SCLMEX	Passeriformes	Scleruridae	58238
Scopus_umbretta	SCOUMB	Pelecaniformes	Scopidae	58839
Scytalopus_superciliaris	SCYSUP	Passeriformes	Rhinocryptidae	58735
Semnornis_frantzii	SEMFRA	Piciformes	Ramphastidae	49088
Serilophus_lunatus	SERLUN	Passeriformes	Eurylaimidae	57896
Serinus_canaria	SERCAN	Passeriformes	Fringillidae	57584
Setophaga_coronata	SETCOR	Passeriformes	Parulidae	57256
Setophaga_kirtlandii	SETKIR	Passeriformes	Parulidae	57732
Sinosuthora_webbiana	SINWEB	Passeriformes	Sylviidae	58107
Sitta_europaea	SITEUR	Passeriformes	Sittidae	57363
Smithornis_capensis	SMICAP	Passeriformes	Calyptomenidae	57594
Spizaetus_tyrannus	SPITYR	Accipitriformes	Accipitridae	61867
Spizella_passerina	SPIPAS	Passeriformes	Passerellidae	51673
Sporophila_hypoxantha	SPOHYP	Passeriformes	Thraupidae	52282
Steatornis_caripensis	STECAR	Caprimulgiformes	Steatornithidae	61416
Stercorarius_parasiticus	STEPAR	Charadriiformes	Stercorariidae	61744
Sterrhoptilus_dennistouni	STEDEN	Passeriformes	Zosteropidae	57777
Strix_occidentalis	STROCC	Strigiformes	Strigidae	61912
Struthidea_cinerea	STRCIN	Passeriformes	Corcoracidae	59104
Struthio_camelus	STRCAM	Struthioniformes	Struthionidae	60389
Sturnus_vulgaris	STUVUL	Passeriformes	Sturnidae	57896
Sula_dactylatra	SULDAC	Pelecaniformes	Sulidae	59408
Sylvia_atricapilla	SYLATR	Passeriformes	Sylviidae	56804
Sylvia_borin	SYLBOR	Passeriformes	Sylviidae	57912
Sylvietta_virens	SYLVIR	Passeriformes	Macrosphenidae	57272
Syrrhaptes_paradoxus	SYRPAR	Pterocliformes	Pteroclidae	58340
Tachuris_rubrigastra	TACRUB	Passeriformes	Tachurididae	58451
Taeniopygia_guttata	TAEGUT	Passeriformes	Estrildidae	56944
Tauraco_erythrolophus	TAUERY	Musophagiformes	Musophagidae	61021
Thalassarche_chlororhynchos	THACHL	Procellariiformes	Diomedeidae	59419
Thinocorus_orbignyianus	THIORB	Charadriiformes	Thinocoridae	58869
Thryothorus_ludovicianus	THRLUD	Passeriformes	Troglodytidae	57767
Tichodroma_muraria	TICMUR	Passeriformes	Sittidae	49724
Tinamus_guttatus	TINGUT	Tinamiformes	Tinamidae	54950
Todus_mexicanus	TODMEX	Coraciiformes	Todidae	46903
Toxostoma_redivivum	TOXRED	Passeriformes	Mimidae	57859
Tricholaema_leucomelas	TRILEU	Piciformes	Ramphastidae	49785
Trogon_melanurus	TROMEL	Trogoniformes	Trogonidae	59157
Turnix_velox	TURVEL	Charadriiformes	Turnicidae	51981
Tympanuchus_cupido	TYMCUP	Galliformes	Phasianidae	62072
Tyrannus_savana	TYRSAV	Passeriformes	Tyrannidae	58300
Tyto_alba	TYTALB	Strigiformes	Tytonidae	60978
Upupa_epops	UPUEPO	Bucerotiformes	Upupidae	48888
Uria_lomvia	URIAAL	Charadriiformes	Alcidae	61599
Uria_aalge	URILOM	Charadriiformes	Alcidae	61647
Urocolius_indicus	UROIND	Coliiformes	Coliidae	58367
Urocynchramus_pylzowi	UROPYL	Passeriformes	Urocynchramidae	58302
Vidua_chalybeata	VIDCHA	Passeriformes	Viduidae	57985
Vidua_macroura	VIDMAC	Passeriformes	Viduidae	57153
Vireo_altiloquus	VIRALT	Passeriformes	Vireonidae	58574
Xiphorhynchus_elegans	XIPELE	Passeriformes	Furnariidae	57032
Zapornia_atra	ZAPATR	Gruiformes	Rallidae	59518
Zonotrichia_albicollis	ZONALB	Passeriformes	Emberizidae	56845
Zosterops_hypoxanthus	ZOSHYP	Passeriformes	Zosteropidae	57679
Zosterops_lateralis	ZOSLAT	Passeriformes	Zosteropidae	57076
